title,difficulty,category,tags,companies,statement,constraints,hints,solutionExplanation,referenceSolutionLanguage,referenceSolutionCode,testCaseInput,testCaseExpectedOutput,testCaseIsSample,testCaseExplanation
Two Sum,EASY,Arrays,array;hashing,Google;Amazon,"Given an array of integers nums and an integer target, return indices of the two numbers that add up to target.",2 <= nums.length <= 10^4,Use a hash map to store seen values.,"Iterate once, checking if target - nums[i] has been seen before, using a hash map for O(1) lookups.",PYTHON3,"def two_sum(nums, target):
    seen = {}
    for i, n in enumerate(nums):
        if target - n in seen:
            return [seen[target - n], i]
        seen[n] = i
    return []","[2,7,11,15]
9","[0,1]",true,"7 + 2 = 9, so indices 0 and 1 are returned."
Two Sum,EASY,Arrays,array;hashing,Google;Amazon,"Given an array of integers nums and an integer target, return indices of the two numbers that add up to target.",2 <= nums.length <= 10^4,Use a hash map to store seen values.,"Iterate once, checking if target - nums[i] has been seen before, using a hash map for O(1) lookups.",PYTHON3,"def two_sum(nums, target):
    seen = {}
    for i, n in enumerate(nums):
        if target - n in seen:
            return [seen[target - n], i]
        seen[n] = i
    return []","[3,2,4]
6","[1,2]",false,
